{
  "accuracy": 0.927478376580173,
  "report": {
    "Bills & Utilities": {
      "precision": 0.9403973509933775,
      "recall": 0.922077922077922,
      "f1-score": 0.9311475409836065,
      "support": 154.0
    },
    "Entertainment": {
      "precision": 0.8947368421052632,
      "recall": 0.9006622516556292,
      "f1-score": 0.8976897689768977,
      "support": 151.0
    },
    "Food & Dining": {
      "precision": 0.952054794520548,
      "recall": 0.9266666666666666,
      "f1-score": 0.9391891891891891,
      "support": 150.0
    },
    "Fuel": {
      "precision": 0.9144736842105263,
      "recall": 0.9144736842105263,
      "f1-score": 0.9144736842105263,
      "support": 152.0
    },
    "Groceries": {
      "precision": 0.9387755102040817,
      "recall": 0.9517241379310345,
      "f1-score": 0.9452054794520548,
      "support": 145.0
    },
    "Health & Medical": {
      "precision": 0.9586206896551724,
      "recall": 0.9205298013245033,
      "f1-score": 0.9391891891891891,
      "support": 151.0
    },
    "Others": {
      "precision": 0.9192546583850931,
      "recall": 0.9673202614379085,
      "f1-score": 0.9426751592356688,
      "support": 153.0
    },
    "Services": {
      "precision": 0.9281045751633987,
      "recall": 0.9403973509933775,
      "f1-score": 0.9342105263157895,
      "support": 151.0
    },
    "Shopping": {
      "precision": 0.9261744966442953,
      "recall": 0.9261744966442953,
      "f1-score": 0.9261744966442953,
      "support": 149.0
    },
    "Travel": {
      "precision": 0.9047619047619048,
      "recall": 0.9047619047619048,
      "f1-score": 0.9047619047619048,
      "support": 147.0
    },
    "accuracy": 0.927478376580173,
    "macro avg": {
      "precision": 0.9277354506643661,
      "recall": 0.9274788477703769,
      "f1-score": 0.9274716938959122,
      "support": 1503.0
    },
    "weighted avg": {
      "precision": 0.9277435802322505,
      "recall": 0.927478376580173,
      "f1-score": 0.9274741887759298,
      "support": 1503.0
    }
  },
  "confusion_matrix": [
    [
      142,
      0,
      0,
      3,
      0,
      0,
      3,
      1,
      2,
      3
    ],
    [
      2,
      136,
      0,
      4,
      1,
      0,
      4,
      1,
      1,
      2
    ],
    [
      0,
      2,
      139,
      1,
      2,
      1,
      0,
      1,
      2,
      2
    ],
    [
      1,
      5,
      1,
      139,
      3,
      0,
      0,
      2,
      1,
      0
    ],
    [
      1,
      0,
      1,
      1,
      138,
      0,
      1,
      1,
      0,
      2
    ],
    [
      1,
      1,
      2,
      2,
      2,
      139,
      2,
      1,
      1,
      0
    ],
    [
      0,
      2,
      0,
      0,
      0,
      1,
      148,
      1,
      1,
      0
    ],
    [
      0,
      3,
      0,
      1,
      1,
      1,
      0,
      142,
      1,
      2
    ],
    [
      2,
      0,
      0,
      1,
      0,
      2,
      1,
      2,
      138,
      3
    ],
    [
      2,
      3,
      3,
      0,
      0,
      1,
      2,
      1,
      2,
      133
    ]
  ],
  "classes": [
    "Bills & Utilities",
    "Entertainment",
    "Food & Dining",
    "Fuel",
    "Groceries",
    "Health & Medical",
    "Others",
    "Services",
    "Shopping",
    "Travel"
  ]
}